{
  "@microsoft/generator-sharepoint": {
    "plusBeta": false,
    "isCreatingSolution": true,
    "nodeVersion": "18.20.6",
    "sdksVersions": {
      "@microsoft/microsoft-graph-client": "3.0.2",
      "@microsoft/teams-js": "2.24.0"
    },
    "version": "1.20.0",
    "libraryName": "fevicon",
    "libraryId": "c39dfd6b-200e-4999-aef5-13f2f02aca1d",
    "environment": "spo",
    "packageManager": "npm",
    "solutionName": "Fevicon",
    "solutionShortDescription": "Fevicon description",
    "skipFeatureDeployment": true,
    "isDomainIsolated": false,
    "componentType": "extension",
    "extensionType": "ApplicationCustomizer"
  }
}
