<?xml version="1.0" encoding="utf-8"?><App xmlns="http://schemas.microsoft.com/sharepoint/2012/app/manifest" Name="fevicon-client-side-solution" ProductID="c39dfd6b-200e-4999-aef5-13f2f02aca1d" SharePointMinVersion="16.0.0.0" IsClientSideSolution="true" Version="1.0.0.0" SkipFeatureDeployment="true" IsDomainIsolated="false"><Properties><Title>fevicon-client-side-solution</Title><DeveloperProperties>{&quot;name&quot;:&quot;&quot;,&quot;websiteUrl&quot;:&quot;&quot;,&quot;privacyUrl&quot;:&quot;&quot;,&quot;termsOfUseUrl&quot;:&quot;&quot;,&quot;mpnId&quot;:&quot;Undefined-1.20.0&quot;}</DeveloperProperties><ShortDescription><LocalizedString CultureName="default">Fevicon description</LocalizedString></ShortDescription><LongDescription><LocalizedString CultureName="default">Fevicon description</LocalizedString></LongDescription><Screenshots></Screenshots></Properties></App>