{
  "bundles": {
    "custom-favicon-extension-application-customizer": {
      "dependencies": [
        {
          "componentId": "f97266fb-ccb7-430e-9384-4124d05295d3",
          "componentName": "@microsoft/decorators",
          "componentVersion": "1.20.0",
          "isDirectDependency": true
        },
        {
          "componentId": "4df9bb86-ab0a-4aab-ab5f-48bf167048fb",
          "componentName": "@microsoft/sp-application-base",
          "componentVersion": "1.20.0",
          "isDirectDependency": true
        },
        {
          "componentId": "01c4df03-e775-48cb-aa14-171ee5199a15",
          "componentName": "tslib",
          "componentVersion": "2.3.1",
          "isDirectDependency": false
        },
        {
          "componentId": "0773bd53-a69e-4293-87e6-ba80ea4d614b",
          "componentName": "@microsoft/sp-extension-base",
          "componentVersion": "1.20.0",
          "isDirectDependency": false
        },
        {
          "componentId": "8217e442-8ed3-41fd-957d-b112e841286a",
          "componentName": "@ms/sp-telemetry",
          "componentVersion": "0.32.116",
          "isDirectDependency": false
        },
        {
          "componentId": "78359e4b-07c2-43c6-8d0b-d060b4d577e8",
          "componentName": "@microsoft/sp-diagnostics",
          "componentVersion": "1.20.0",
          "isDirectDependency": false
        },
        {
          "componentId": "7263c7d0-1d6a-45ec-8d85-d4d1d234171b",
          "componentName": "@microsoft/sp-core-library",
          "componentVersion": "1.20.0",
          "isDirectDependency": false
        },
        {
          "componentId": "2e09fb9b-13bb-48f2-859f-97d6fff71176",
          "componentName": "@ms/odsp-core-bundle",
          "componentVersion": "1.4.195",
          "isDirectDependency": false
        },
        {
          "componentId": "73e1dc6c-8441-42cc-ad47-4bd3659f8a3a",
          "componentName": "@microsoft/sp-lodash-subset",
          "componentVersion": "1.20.0",
          "isDirectDependency": false
        },
        {
          "componentId": "467dc675-7cc5-4709-8aac-78e3b71bd2f6",
          "componentName": "@microsoft/sp-component-base",
          "componentVersion": "1.20.0",
          "isDirectDependency": false
        },
        {
          "componentId": "1c4541f7-5c31-41aa-9fa8-fbc9dc14c0a8",
          "componentName": "@microsoft/sp-page-context",
          "componentVersion": "1.20.0",
          "isDirectDependency": false
        },
        {
          "componentId": "e40f8203-b39d-425a-a957-714852e33b79",
          "componentName": "@microsoft/sp-dynamic-data",
          "componentVersion": "1.20.0",
          "isDirectDependency": false
        },
        {
          "componentId": "c07208f0-ea3b-4c1a-9965-ac1b825211a6",
          "componentName": "@microsoft/sp-http",
          "componentVersion": "1.20.0",
          "isDirectDependency": false
        },
        {
          "componentId": "8496636c-2300-4915-abef-20de64c98d8b",
          "componentName": "@microsoft/sp-http-base",
          "componentVersion": "1.20.0",
          "isDirectDependency": false
        },
        {
          "componentId": "aec2bbfd-a968-4d5b-a279-12e570f378e6",
          "componentName": "@microsoft/sp-http-msgraph",
          "componentVersion": "1.20.0",
          "isDirectDependency": false
        },
        {
          "componentId": "1c6c9123-7aac-41f3-a376-3caea41ed83f",
          "componentName": "@microsoft/sp-loader",
          "componentVersion": "1.20.0",
          "isDirectDependency": false
        },
        {
          "componentId": "229b8d08-79f3-438b-8c21-4613fc877abd",
          "componentName": "@microsoft/load-themed-styles",
          "componentVersion": "0.1.2",
          "isDirectDependency": false
        },
        {
          "componentId": "6d3c733c-8cb7-4871-bb22-b5b37c1d518d",
          "componentName": "@ms/sp-safehtml",
          "componentVersion": "0.4.0",
          "isDirectDependency": false
        }
      ],
      "asyncChunks": {}
    }
  }
}
