{
  "$schema": "https://developer.microsoft.com/json-schemas/spfx-build/spfx-serve.schema.json",
  "port": 4321,
  "https": true,
  "serveConfigurations": {
    "default": {
      "pageUrl": "https://7xk12j.sharepoint.com/sites/SPFxTraining/SitePages/myPage.aspx",
      "customActions": {
        "4d295646-ba60-43c4-a9dc-a2c5e36f8cf1": {
          "location": "ClientSideExtension.ApplicationCustomizer",
          "properties": {
            // "testMessage": "Test message"
          }
        }
      }
    },
    "customFaviconExtension": {
      "pageUrl": "https://7xk12j.sharepoint.com/sites/SPFxTraining/SitePages/myPage.aspx",
      "customActions": {
        "4d295646-ba60-43c4-a9dc-a2c5e36f8cf1": {
          "location": "ClientSideExtension.ApplicationCustomizer",
          "properties": {
            // "testMessage": "Test message"
          }
        }
      }
    }
  }
}
