{
  "id": "4d295646-ba60-43c4-a9dc-a2c5e36f8cf1",
  "alias": "CustomFaviconExtensionApplicationCustomi",
  "componentType": "Extension",
  "extensionType": "ApplicationCustomizer",
  "version": "0.0.1",
  "manifestVersion": 2,
  "requiresCustomScript": false,
  "loaderConfig": {
    "internalModuleBaseUrls": [
      "<!-- PATH TO CDN -->"
    ],
    "entryModuleId": "custom-favicon-extension-application-customizer",
    "scriptResources": {
      "custom-favicon-extension-application-customizer": {
        "type": "path",
        "path": "custom-favicon-extension-application-customizer_ac87757fc71589c71887.js"
      },
      "@microsoft/decorators": {
        "type": "component",
        "id": "f97266fb-ccb7-430e-9384-4124d05295d3",
        "version": "1.20.0"
      },
      "@microsoft/sp-application-base": {
        "type": "component",
        "id": "4df9bb86-ab0a-4aab-ab5f-48bf167048fb",
        "version": "1.20.0"
      }
    }
  }
}